"job_id","job_title_short","company_name","total_jobs","company_size","salary_month_avg_$"
1145481,"Data Analyst","Racine County","2","Small","5841"
1428838,"Data Analyst","University of Wisconsin–Madison","11","Medium","5842"
236493,"Data Analyst","Howard Hughes Medical Institute","6","Small","5848"
116946,"Data Analyst","Cal Poly, San Luis Obispo","1","Small","5858"
1170512,"Data Analyst","The Intersect Group","55","Large","5875"
228044,"Data Analyst","Deloitte","1700","Large","5883"
641048,"Data Analyst","Sedona Staffing Services","5","Small","5917"
659447,"Data Analyst","NYC DEPARTMENT OF FINANCE","1","Small","5937"
849540,"Data Analyst","ICI Services Corporation","4","Small","5958"
1698696,"Data Analyst","CVS Health","641","Large","5988"
1203355,"Data Analyst","Kupono Government Services, LLC","2","Small","6000"
486099,"Data Analyst","Fluence","13","Medium","6000"
646615,"Data Analyst","Publicis Groupe","689","Large","6000"
203258,"Data Analyst","California Health & Wellness","48","Medium","6021"
428130,"Data Analyst","Holy Family University","3","Small","6042"
1064002,"Data Analyst","LHH","311","Large","6042"
548795,"Data Analyst","NYC Health + Hospitals","21","Medium","6042"
468876,"Data Analyst","Coda Staffing","2","Small","6042"
873458,"Data Analyst","Robert Half","1863","Large","6042"
1118786,"Data Analyst","Career Transitions, LLC","7","Small","6042"
126451,"Data Analyst","HealthComp, LLC","1","Small","6042"
1262610,"Data Analyst","Insight Global","2254","Large","6042"
1074917,"Data Analyst","Begin Hire","1","Small","6042"
472467,"Data Analyst","Basalite Concrete Products","2","Small","6042"
1571809,"Data Analyst","Aditi Consulting","172","Large","6042"
1684855,"Data Analyst","Every Body Texas","2","Small","6042"
1330035,"Data Analyst","Jobot","1105","Large","6042"
243705,"Data Analyst","Every Body Texas","2","Small","6042"
1191449,"Data Analyst","Premier Health Network","1","Small","6042"
172682,"Data Analyst","Peraton","841","Large","6042"
1000196,"Data Analyst","Mindera","73","Large","6075"
313198,"Data Analyst","Publicis Groupe","689","Large","6075"
1097867,"Data Analyst","TransPerfect","76","Large","6075"
268386,"Data Analyst","Metyis","162","Large","6075"
1120896,"Data Analyst","TransPerfect","76","Large","6075"
651669,"Data Analyst","iCapital","14","Medium","6075"
78932,"Data Analyst","Debiopharm","1","Small","6075"
769341,"Data Analyst","Center for Open Science","2","Small","6083"
825825,"Data Analyst","City of Denton, TX","1","Small","6121"
583554,"Data Analyst","Redondo Beach","2","Small","6123"
418386,"Data Analyst","Bay Systems","1","Small","6167"
1338279,"Data Analyst","Retriever Medial Dental Payments LLC","1","Small","6167"
1471797,"Data Analyst","Mike Todd Construction","1","Small","6193"
246128,"Data Analyst","Archer","9","Small","6208"
1526311,"Data Analyst","PerkinElmer, Inc.","6","Small","6208"
1744683,"Data Analyst","Oak Technologies Inc","1","Small","6225"
841690,"Data Analyst","Office of the Chief Financial Officer (OCFO)","2","Small","6233"
764861,"Data Analyst","Chicken of the Sea","4","Small","6250"
493501,"Data Analyst","Xoriant Corporation","13","Medium","6250"
1513802,"Data Analyst","In Technology Group Inc (US)","3","Small","6250"
30596,"Data Analyst","AppleOne","47","Medium","6250"
522031,"Data Analyst","Xoriant Corporation","13","Medium","6250"
1461191,"Data Analyst","Zunch Staffing","2","Small","6250"
1187913,"Data Analyst","Gehr Industries, Inc.","1","Small","6250"
1051584,"Data Analyst","Puyenpa Services LLC","1","Small","6250"
1282776,"Data Analyst","NBCUniversal","196","Large","6250"
1366670,"Data Analyst","NAZTEC Int. Group","2","Small","6250"
14027,"Data Analyst","SmartSource Technical Solutions","1","Small","6250"
519785,"Data Analyst","Venture Personnel","5","Small","6250"
1065749,"Data Analyst","Chicken of the Sea","4","Small","6250"
1390332,"Data Analyst","Motion Recruitment","992","Large","6250"
1521324,"Data Analyst","Primary Wave Music Publishing, LLC","3","Small","6250"
46550,"Data Analyst","Venture Personnel","5","Small","6250"
1716629,"Data Analyst","Amazee Global Ventures Inc","10","Medium","6250"
210881,"Data Analyst","CyberCoders","542","Large","6250"
290406,"Data Analyst","Robert Half","1863","Large","6250"
1279841,"Data Analyst","Mason Frank International, Leader In Salesforce Recruitment","3","Small","6250"
1078256,"Data Analyst","Healthcare Association of New York State","5","Small","6292"
1068141,"Data Analyst","ServiceTitan","20","Medium","6292"
350084,"Data Analyst","Lifescale Analytics","7","Small","6292"
801078,"Data Analyst","Santa Clara University","6","Small","6310"
757196,"Data Analyst","UiPath","10","Medium","6333"
1196233,"Data Analyst","North Lauderdale","2","Small","6382"
1693928,"Data Analyst","Baltimore City Public Schools","40","Medium","6396"
880404,"Data Analyst","The Intelligence Group LLC","1","Small","6417"
974504,"Data Analyst","Get It Recruit - Information Technology","932","Large","6417"
246716,"Data Analyst","Centene Corporation","453","Large","6438"
298964,"Data Analyst","Ledgent Technology","78","Large","6458"
106047,"Data Analyst","Harnham","2551","Large","6458"
1384117,"Data Analyst","LUMISOURCE, LLC","1","Small","6458"
1042420,"Data Analyst","SmartSource, Inc","1","Small","6458"
985359,"Data Analyst","Connexions Data Inc","3","Small","6458"
764287,"Data Analyst","Interactive Resources - iR","29","Medium","6458"
1101994,"Data Analyst","NBCUniversal","196","Large","6458"
1185474,"Data Analyst","CyberCoders","542","Large","6458"
248343,"Data Analyst","Modis","259","Large","6458"
281220,"Data Analyst","Title Nine","1","Small","6458"
1792892,"Data Analyst","AEG Worldwide","5","Small","6498"
1723219,"Data Analyst","Visual Connections, LLC","1","Small","6500"
1196823,"Data Analyst","Singer Vehicle Design","3","Small","6533"
1528513,"Data Analyst","Stanford University","283","Large","6562"
191210,"Data Analyst","Stanford University","283","Large","6562"
189043,"Data Analyst","Apex Systems","521","Large","6583"
737094,"Data Analyst","Infocodec Solutions","4","Small","6594"
387001,"Data Analyst","Binance.US","50","Medium","6600"
1043243,"Data Analyst","Sertis","63","Large","6600"
1661,"Data Analyst","Publicis Groupe","689","Large","6600"
475521,"Data Analyst","Nubank","88","Large","6600"
51221,"Data Analyst","Bosch Group","843","Large","6600"
1431198,"Data Analyst","Amazon.com","62","Large","6600"
209495,"Data Analyst","CI&T","137","Large","6600"
290827,"Data Analyst","Melio","18","Medium","6600"
725569,"Data Analyst","Bluevine","13","Medium","6600"
769789,"Data Analyst","Model N","1","Small","6600"
1032002,"Data Analyst","Innovaccer","17","Medium","6600"
291728,"Data Analyst","Amazon.com","62","Large","6600"
1606707,"Data Analyst","USC","6","Small","6661"
1539010,"Data Analyst","Citi","2186","Large","6661"
128037,"Data Analyst","Citi","2186","Large","6661"
430789,"Data Analyst","Get It Recruit - Technology","4","Small","6664"
1492000,"Data Analyst","London Approach","6","Small","6667"
280087,"Data Analyst","Noble Hearts HR Consulting","1","Small","6667"
932815,"Data Analyst","Vaco Technology","76","Large","6667"
1372551,"Data Analyst","Rocketship Financial Corporation","1","Small","6667"
806429,"Data Analyst","Brooksource","250","Large","6667"
620584,"Data Analyst","Arconic","9","Small","6667"
547485,"Data Analyst","Arconic","9","Small","6667"
193691,"Data Analyst","Feit Electric","1","Small","6667"
732829,"Data Analyst","who... a staffing company","1","Small","6667"
1625020,"Data Analyst","Client of Insight Global","1","Small","6667"
6083,"Data Analyst","EUCON AMERICAS LLC","1","Small","6667"
146499,"Data Analyst","Talent Solutions Group Inc","7","Small","6667"
2644,"Data Analyst","Commodities Trading Shop","1","Small","6667"
522727,"Data Analyst","Acadia Technologies, Inc.","142","Large","6667"
1796340,"Data Analyst","Robert Half","1863","Large","6667"
1391161,"Data Analyst","Titan Advisors, LLC","1","Small","6667"
1236616,"Data Analyst","Peraton","841","Large","6667"
483152,"Data Analyst","New World Now LLC","1","Small","6667"
694421,"Data Analyst","Robert Half","1863","Large","6667"
764258,"Data Analyst","SIGCO, Inc.","1","Small","6667"
303826,"Data Analyst","Georgia State University","10","Medium","6667"
538560,"Data Analyst","LHH","311","Large","6667"
389597,"Data Analyst","Mitchell Martin, Inc","1","Small","6667"
446036,"Data Analyst","California Polytechnic State University","6","Small","6708"
228740,"Data Analyst","University of Florida","139","Large","6708"
1161369,"Data Analyst","Cal Poly","1","Small","6708"
841366,"Data Analyst","Devoteam","470","Large","6738"
380940,"Data Analyst","Charger Logistics Inc","87","Large","6738"
1068046,"Data Analyst","Allucent","5","Small","6738"
646380,"Data Analyst","Shippeo","33","Medium","6738"
208731,"Data Analyst","Charger Logistics Inc","87","Large","6738"
1776487,"Data Analyst","Publicis Groupe","689","Large","6738"
758147,"Data Analyst","Extreme Networks","33","Medium","6738"
563195,"Data Analyst","Mention Me","1","Small","6738"
1333969,"Data Analyst","Get It Recruit - Real Estate","21","Medium","6750"
449723,"Data Analyst","TripAdvisor","67","Large","6750"
264146,"Data Analyst","Office of the New York State Attorney General","2","Small","6754"
1436603,"Data Analyst","New York State Office of the Attorney General","1","Small","6754"
35907,"Data Analyst","State of New Mexico","10","Medium","6777"
401026,"Data Analyst","Fortuna BMC","9","Small","6779"
846250,"Data Analyst","Fortuna BMC","9","Small","6779"
379665,"Data Analyst","Fortuna BMC","9","Small","6779"
378125,"Data Analyst","Seneca Resources","41","Medium","6792"
274160,"Data Analyst","Kforce Technology Staffing","106","Large","6792"
896376,"Data Analyst","Sun Life","114","Large","6796"
101450,"Data Analyst","Johns Hopkins University","153","Large","6804"
1662802,"Data Analyst","Rutgers University","50","Medium","6807"
1681127,"Data Analyst","Rutgers University","50","Medium","6807"
507597,"Data Analyst","The Computer Merchant, Ltd.","7","Small","6833"
1481014,"Data Analyst","Citi","2186","Large","6869"
964012,"Data Analyst","Citi","2186","Large","6869"
1580766,"Data Analyst","Healthcare Association of New York State","5","Small","6875"
486713,"Data Analyst","Complete HR Solutions","3","Small","6875"
212629,"Data Analyst","Pro-Mart Industries, Inc.","1","Small","6875"
219137,"Data Analyst","Excel Global Solutions","3","Small","6875"
494112,"Data Analyst","Ontic","12","Medium","6875"
1714124,"Data Analyst","Geopaq Logic","5","Small","6875"
691797,"Data Analyst","SyllogisTeks","8","Small","6875"
863059,"Data Analyst","Confidential","1232","Large","6875"
934891,"Data Analyst","CyberCoders","542","Large","6875"
219486,"Data Analyst","Ledgent Technology","78","Large","6875"
984054,"Data Analyst","Charles B. Wang Community Health Center","2","Small","6875"
1780837,"Data Analyst","Trinity Intl.","3","Small","6910"
604141,"Data Analyst","Alameda Health Consortium/Community Health Center Network","5","Small","6917"
176912,"Data Analyst","Alameda Health Consortium/Community Health Center Network","5","Small","6917"
1526310,"Data Analyst","Lifespace Communities, Inc.","1","Small","6937"
949315,"Data Analyst","Northrop Grumman","355","Large","6958"
434783,"Data Analyst","Atlanta Regional Commission","14","Medium","6989"
496170,"Data Analyst","Atlanta Regional Commission","14","Medium","6989"
1728825,"Data Analyst","New York University","57","Large","7000"
950719,"Data Analyst","TECHEAD","6","Small","7000"
79864,"Data Analyst","Hyundai AutoEver America","8","Small","7025"
1756680,"Data Analyst","Texas Department of Transportation","19","Medium","7040"
543372,"Data Analyst","Jamaica Hospital Medical Center","1","Small","7083"
1364023,"Data Analyst","Goodwill Industries Of Greater New York","1","Small","7083"
164432,"Data Analyst","Robert Half","1863","Large","7083"
1782272,"Data Analyst","FocusKPI Inc.","64","Large","7083"
1585528,"Data Analyst","LTV SaaS Fund","2","Small","7083"
602672,"Data Analyst","The Vets","1","Small","7083"
1215442,"Data Analyst","Smith Arnold Partners","7","Small","7083"
710614,"Data Analyst","Envision Staffing Solutions","3","Small","7083"
227031,"Data Analyst","Akytech Consulting LLC","1","Small","7083"
196337,"Data Analyst","SimioCloud","2","Small","7083"
97888,"Data Analyst","Stella & Chewy's","3","Small","7083"
135821,"Data Analyst","Insight Global","2254","Large","7083"
833651,"Data Analyst","Michael Page International Inc","35","Medium","7083"
465099,"Data Analyst","Swoon","55","Large","7083"
790392,"Data Analyst","Insight Global","2254","Large","7083"
1422439,"Data Analyst","Jobot","1105","Large","7083"
7264,"Data Analyst","Insight Global","2254","Large","7083"
65005,"Data Analyst","Michael Page International Inc","35","Medium","7083"
967545,"Data Analyst","CBRE","483","Large","7083"
829849,"Data Analyst","Company Confidential","47","Medium","7083"
481434,"Data Analyst","SourceAbled","5","Small","7083"
1112000,"Data Analyst","Brooksource","250","Large","7083"
259443,"Data Analyst","RPX","2","Small","7083"
1658584,"Data Analyst","VForce Infotech","1","Small","7083"
1014498,"Data Analyst","Ultimate Staffing","8","Small","7083"
578897,"Data Analyst","Amerit Fleet Solutions","5","Small","7083"
1393439,"Data Analyst","Insight Global","2254","Large","7083"
676321,"Data Analyst","Robert Half","1863","Large","7083"
1736137,"Data Analyst","Leading Edge Administrators LLC","2","Small","7083"
52176,"Data Analyst","Mint Mobile","3","Small","7083"
1785961,"Data Analyst","NextGen | GTA: A Kelly Telecom Company","15","Medium","7083"
1485366,"Data Analyst","Robert Half","1863","Large","7083"
1762396,"Data Analyst","Impact Genome","6","Small","7083"
446476,"Data Analyst","KK Associates","1","Small","7083"
651502,"Data Analyst","Diaconia","12","Medium","7083"
846814,"Data Analyst","Insight Global","2254","Large","7083"
1605405,"Data Analyst","Jobot","1105","Large","7083"
115848,"Data Analyst","Centene Corporation","453","Large","7200"
688310,"Data Analyst","Pacific Southwest Container, LLC","2","Small","7208"
1474105,"Data Analyst","Wisconsin Collaborative for Healthcare Quality","1","Small","7208"
1188666,"Data Analyst","The Judge Group","507","Large","7250"
464927,"Data Analyst","Village Care","9","Small","7266"
947712,"Data Analyst","Insight Global","2254","Large","7292"
1489901,"Data Analyst","Predictive Data Lab","1","Small","7292"
735481,"Data Analyst","Insight Global","2254","Large","7292"
63463,"Data Analyst","Insight Global","2254","Large","7292"
1161731,"Data Analyst","YES! Communities","3","Small","7292"
826590,"Data Analyst","Beacon Hill Staffing Group","80","Large","7292"
266326,"Data Analyst","Sandia Laboratory Federal Credit Union","4","Small","7325"
331298,"Data Analyst","University of California, Santa Barbara","4","Small","7325"
225906,"Data Analyst","ICI Services Corporation","4","Small","7333"
308319,"Data Analyst","RTB House","32","Medium","7333"
611656,"Data Analyst","Toyota","29","Medium","7376"
538292,"Data Analyst","Jobot","1105","Large","7417"
1142547,"Data Analyst","Vattenfall","213","Large","7425"
98385,"Data Analyst","AVIV Group","117","Large","7425"
924142,"Data Analyst","Biogen","72","Large","7425"
52153,"Data Analyst","Adyen","182","Large","7425"
548089,"Data Analyst","Addepar","28","Medium","7425"
875261,"Data Analyst","ASI","27","Medium","7425"
282160,"Data Analyst","Experian","762","Large","7425"
664166,"Data Analyst","Talan","301","Large","7425"
823468,"Data Analyst","Nielsen","90","Large","7425"
53410,"Data Analyst","Jobbatical","15","Medium","7425"
150907,"Data Analyst","Flagship Pioneering, Inc.","10","Medium","7425"
180997,"Data Analyst","Too Good To Go","34","Medium","7425"
359171,"Data Analyst","Bosch Group","843","Large","7425"
30259,"Data Analyst","Nets","68","Large","7425"
197134,"Data Analyst","Netcompany","23","Medium","7425"
1682875,"Data Analyst","Netcompany-Intrasoft","53","Large","7425"
931428,"Data Analyst","People Can Fly","18","Medium","7425"
143227,"Data Analyst","Biogen","72","Large","7425"
1624016,"Data Analyst","Bosch Group","843","Large","7425"
304909,"Data Analyst","Molina Healthcare","69","Large","7426"
821060,"Data Analyst","Sun Life","114","Large","7442"
1055987,"Data Analyst","County of Sonoma","3","Small","7481"
965301,"Data Analyst","Waukesha County","2","Small","7485"
600227,"Data Analyst","Citi","2186","Large","7486"
1460633,"Data Analyst","NYS Department of Health","6","Small","7486"
838423,"Data Analyst","New York State Department of Health","21","Medium","7486"
1461104,"Data Analyst","New York State Department of Health","21","Medium","7486"
1384102,"Data Analyst","New York State Department of Health","21","Medium","7486"
663590,"Data Analyst","Labor, Department of","3","Small","7486"
330679,"Data Analyst","Logix Federal Credit Union","2","Small","7490"
77642,"Data Analyst","Leadstack Inc","13","Medium","7500"
1232567,"Data Analyst","Verisk Analytics","39","Medium","7500"
1238332,"Data Analyst","SAIC","420","Large","7500"
1493211,"Data Analyst","KPMG","613","Large","7500"
1641868,"Data Analyst","Zurich Insurance Group","18","Medium","7500"
932115,"Data Analyst","Lhoist North America","2","Small","7500"
479814,"Data Analyst","TRINITY HEALTHCARE RESOURCES, LLC","1","Small","7500"
1773080,"Data Analyst","Koch Industries","105","Large","7500"
914174,"Data Analyst","Home Depot / THD","44","Medium","7500"
1080081,"Data Analyst","London Approach","6","Small","7500"
489022,"Data Analyst","Global Hires, LLC","11","Medium","7500"
1560173,"Data Analyst","CyberCoders","542","Large","7500"
36136,"Data Analyst","Deloitte","1700","Large","7500"
1405509,"Data Analyst","SNC-Lavalin","25","Medium","7500"
977473,"Data Analyst","Frontdoor, Inc.","2","Small","7500"
318981,"Data Analyst","Marathon Petroleum","1","Small","7500"
635421,"Data Analyst","Amentum","192","Large","7500"
586877,"Data Analyst","Deloitte","1700","Large","7500"
223528,"Data Analyst","AARP","8","Small","7500"
879733,"Data Analyst","Corning Incorporated","26","Medium","7500"
1472523,"Data Analyst","Optimove","16","Medium","7500"
1000781,"Data Analyst","Total Wine and More","1","Small","7500"
1272228,"Data Analyst","IntePros Consulting","14","Medium","7500"
805086,"Data Analyst","Zf Friedrichshafen Ag","2","Small","7500"
132263,"Data Analyst","New York City Office of Technology & Innovation","10","Medium","7500"
1532294,"Data Analyst","Argonne National Laboratory","15","Medium","7500"
1570699,"Data Analyst","Deloitte","1700","Large","7500"
726188,"Data Analyst","Beacon CPA","4","Small","7500"
164141,"Data Analyst","WW Grainger","3","Small","7500"
378710,"Data Analyst","TD Bank","91","Large","7500"
432510,"Data Analyst","NBCUniversal Media, LLC","7","Small","7500"
485361,"Data Analyst","CoinTracker","2","Small","7500"
562663,"Data Analyst","Zf Friedrichshafen Ag","2","Small","7500"
1031091,"Data Analyst","Honeywell","295","Large","7500"
1507918,"Data Analyst","Infinitus Systems","1","Small","7500"
170910,"Data Analyst","Robert Half","1863","Large","7500"
482477,"Data Analyst","Riverside Research","50","Medium","7500"
1714082,"Data Analyst","Starr Companies","3","Small","7500"
1810744,"Data Analyst","Venteon","6","Small","7500"
476675,"Data Analyst","American Medical Association","20","Medium","7500"
979211,"Data Analyst","EmbryRiddle Aeronautical University","1","Small","7500"
23186,"Data Analyst","Purple Drive Technologies LLC","16","Medium","7500"
354417,"Data Analyst","EcoCart","4","Small","7500"
1608275,"Data Analyst","New York City Office of Technology & Innovation","10","Medium","7500"
170195,"Data Analyst","IBM","1295","Large","7500"
275672,"Data Analyst","Global Data Consultants","11","Medium","7500"
303996,"Data Analyst","NBCUniversal","196","Large","7500"
1481962,"Data Analyst","Wells Fargo","1130","Large","7500"
863262,"Data Analyst","Motion Recruitment","992","Large","7500"
714930,"Data Analyst","Motion Recruitment","992","Large","7500"
836524,"Data Analyst","Booz Allen Hamilton","2890","Large","7500"
7377,"Data Analyst","Rise Technical Recruitment","27","Medium","7500"
1426764,"Data Analyst","Clarkston Consulting","23","Medium","7500"
1417701,"Data Analyst","The Goldman Sachs Group, Inc","1","Small","7500"
1282367,"Data Analyst","Wipro","393","Large","7500"
328618,"Data Analyst","Centene Corp","8","Small","7500"
326110,"Data Analyst","Preveta","3","Small","7500"
752824,"Data Analyst","Synovus Financial","1","Small","7500"
1687604,"Data Analyst","REI Systems","14","Medium","7500"
1809704,"Data Analyst","Beacon CPA","4","Small","7500"
84361,"Data Analyst","Insight Global","2254","Large","7500"
1244065,"Data Analyst","Elevate Digital","9","Small","7500"
1186631,"Data Analyst","Adaptive Solutions Group","10","Medium","7500"
144086,"Data Analyst","Verisk Analytics","39","Medium","7500"
1109651,"Data Analyst","Boar's Head Brand","3","Small","7500"
726213,"Data Analyst","Verisk Analytics","39","Medium","7500"
1046790,"Data Analyst","BlueCross BlueShield of South Carolina","57","Large","7500"
306045,"Data Analyst","CareFirst BlueCross BlueShield","63","Large","7500"
232603,"Data Analyst","The Hollister Group","2","Small","7500"
657914,"Data Analyst","Magna","42","Medium","7500"
1453228,"Data Analyst","UBS","403","Large","7500"
1477408,"Data Analyst","Michael Page International Inc","35","Medium","7500"
297868,"Data Analyst","University of Missouri","11","Medium","7500"
549817,"Data Analyst","Kaiser Permanente","189","Large","7500"
480252,"Data Analyst","Elevance Health","552","Large","7500"
916114,"Data Analyst","OneMagnify","16","Medium","7500"
582157,"Data Analyst","Honeywell","295","Large","7500"
1509306,"Data Analyst","Apex Systems","521","Large","7500"
1238790,"Data Analyst","AE Business Solutions","11","Medium","7500"
1434447,"Data Analyst","Global Data Consultants","11","Medium","7500"
587640,"Data Analyst","Quick Release","5","Small","7500"
116805,"Data Analyst","Orchestra Technology","1","Small","7500"
1060062,"Data Analyst","UnitedHealth Group","1819","Large","7500"
984325,"Data Analyst","Robert Half","1863","Large","7500"
1062685,"Data Analyst","Harnham","2551","Large","7500"
803097,"Data Analyst","Teradyne","22","Medium","7500"
1086001,"Data Analyst","Spectrum","244","Large","7500"
1121376,"Data Analyst","SAIC","420","Large","7500"
1183003,"Data Analyst","Booz Allen Hamilton","2890","Large","7500"
321007,"Data Analyst","Maximus","51","Large","7500"
1050446,"Data Analyst","CyberCoders","542","Large","7500"
391159,"Data Analyst","CVS Health","641","Large","7500"
1572174,"Data Analyst","Parkmobile","2","Small","7500"
1781115,"Data Analyst","Jones Lang LaSalle Incorporated","29","Medium","7500"
69186,"Data Analyst","Global Data Network","22","Medium","7500"
1196145,"Data Analyst","Centene Corporation","453","Large","7521"
523180,"Data Analyst","Informa Group Plc.","49","Medium","7521"
125765,"Data Analyst","Centene Pharmacy Services","13","Medium","7521"
1128759,"Data Analyst","California Health & Wellness","48","Medium","7521"
327725,"Data Analyst","California Health & Wellness","48","Medium","7521"
661284,"Data Analyst","Inland Empire Health Plans","23","Medium","7566"
241121,"Data Analyst","Revolution Technologies","36","Medium","7583"
64600,"Data Analyst","Northrop Grumman","355","Large","7650"
1478409,"Data Analyst","LPL Financial Holdings, Inc.","5","Small","7650"
50603,"Data Analyst","Citi","2186","Large","7663"
30227,"Data Analyst","Citi","2186","Large","7663"
1338771,"Data Analyst","UnitedHealth Group","1819","Large","7671"
1362171,"Data Analyst","Averity","42","Medium","7708"
758193,"Data Analyst","LeanTaaS","8","Small","7708"
1349558,"Data Analyst","Identiv","1","Small","7708"
641665,"Data Analyst","Swoon","55","Large","7708"
773910,"Data Analyst","Creative Financial Staffing (CFS)","64","Large","7708"
1198557,"Data Analyst","Allworth Financial","6","Small","7708"
503609,"Data Analyst","TEEMA","30","Medium","7708"
355046,"Data Analyst","NextGen Global Resources","5","Small","7708"
1693344,"Data Analyst","The Legal Aid Society - New York City","2","Small","7708"
1136028,"Data Analyst","Robert Half","1863","Large","7708"
1098113,"Data Analyst","0nward Select","2","Small","7708"
1398945,"Data Analyst","Robert Half","1863","Large","7708"
912753,"Data Analyst","Laka & Company","2","Small","7708"
1190547,"Data Analyst","HopSkipDrive","6","Small","7708"
1165953,"Data Analyst","Within3","2","Small","7750"
1246251,"Data Analyst","Teacher Retirement System of Texas","13","Medium","7750"
1815416,"Data Analyst","H&M Group","88","Large","7800"
1340028,"Data Analyst","Binance","278","Large","7800"
209069,"Data Analyst","University of Missouri","11","Medium","7801"
59850,"Data Analyst","Northwell Health","62","Large","7806"
1593004,"Data Analyst","Datum Software Inc.","5","Small","7833"
1612654,"Data Analyst","The Legal Aid Society - New York City","2","Small","7839"
1776958,"Data Analyst","Department of Human Services","4","Small","7850"
101672,"Data Analyst","TIAA Bank","25","Medium","7867"
374943,"Data Analyst","Stride, Inc.","5","Small","7875"
681889,"Data Analyst","Superior Court of California, County of Alameda","3","Small","7880"
291716,"Data Analyst","Robert Half","1863","Large","7917"
1230135,"Data Analyst","Earnest Analytics","4","Small","7917"
1720062,"Data Analyst","J&J Family of Companies","240","Large","7917"
1156421,"Data Analyst","Motion Recruitment","992","Large","7917"
838660,"Data Analyst","St. John's Episcopal Hospital","2","Small","7917"
328827,"Data Analyst","HopSkipDrive","6","Small","7917"
1027604,"Data Analyst","The Horizon Group","2","Small","7917"
1203901,"Data Analyst","Robert Half","1863","Large","7917"
1081800,"Data Analyst","Veah Consulting Services","1","Small","7917"
1568754,"Data Analyst","Swoon","55","Large","7917"
709522,"Data Analyst","NYC Health + Hospitals","21","Medium","7917"
1734734,"Data Analyst","Averity","42","Medium","7917"
1358376,"Data Analyst","General Dynamics Information Technology","451","Large","7917"
921355,"Data Analyst","Insight Global","2254","Large","7917"
1161951,"Data Analyst","Connect Search, LLC","16","Medium","7917"
1418187,"Data Analyst","Swoon","55","Large","7917"
1491918,"Data Analyst","IDR, Inc.","91","Large","7917"
271225,"Data Analyst","Insight Global","2254","Large","7917"
369634,"Data Analyst","Hays","1270","Large","7917"
255501,"Data Analyst","Insight Global","2254","Large","7917"
108490,"Data Analyst","OST, Inc.","7","Small","7917"
542425,"Data Analyst","Jobot","1105","Large","7917"
1753764,"Data Analyst","Mason Frank International, Leader In Salesforce Recruitment","3","Small","7917"
1465389,"Data Analyst","Robert Half","1863","Large","7917"
1557428,"Data Analyst","Blackrock Resources","2","Small","7917"
1650266,"Data Analyst","DSJ Global","6","Small","7917"
305993,"Data Analyst","Factspan Inc","8","Small","7917"
1083603,"Data Analyst","Stamford Technology Solutions LLC, DBA Infinity","8","Small","7917"
1111790,"Data Analyst","LifeMD","2","Small","7917"
796960,"Data Analyst","Laka & Company","2","Small","7917"
453907,"Data Analyst","University of Texas at Austin","86","Large","7958"
1601917,"Data Analyst","Insight Global","2254","Large","7973"
703426,"Data Analyst","Insight Global","2254","Large","7973"
1791218,"Data Analyst","Booz Allen Hamilton","2890","Large","7975"
57544,"Data Analyst","BAXTER","38","Medium","8000"
1542800,"Data Analyst","CommuniCare Health Centers","1","Small","8042"
374225,"Data Analyst","Frederick Health Hospital","1","Small","8083"
1187158,"Data Analyst","Talentstorm Recruiting","3","Small","8125"
1019127,"Data Analyst","Robert Half","1863","Large","8125"
1691565,"Data Analyst","InvestM Technology LLC","22","Medium","8125"
1120950,"Data Analyst","Robert Half","1863","Large","8125"
1714018,"Data Analyst","Cognizant Technology Solutions","504","Large","8125"
580055,"Data Analyst","Talentstorm Recruiting","3","Small","8125"
579612,"Data Analyst","Insight Global","2254","Large","8125"
476037,"Data Analyst","JConnect Inc","2","Small","8125"
482240,"Data Analyst","Robert Half","1863","Large","8125"
849221,"Data Analyst","Talentstorm Recruiting","3","Small","8125"
158566,"Data Analyst","Howard Hughes Medical Institute","6","Small","8167"
307726,"Data Analyst","UKG - Ultimate Kronos Group","2","Small","8170"
610221,"Data Analyst","BEES","10","Medium","8208"
90148,"Data Analyst","Wallbox","10","Medium","8208"
1543969,"Data Analyst","ATB Financial","36","Medium","8208"
289767,"Data Analyst","D-ID","2","Small","8208"
312305,"Data Analyst","AssistRx","20","Medium","8208"
399100,"Data Analyst","Satori","3","Small","8208"
1392516,"Data Analyst","Wise Technical Ltd","1","Small","8208"
916079,"Data Analyst","Viva Wallet","20","Medium","8208"
1335502,"Data Analyst","Agoda","649","Large","8208"
1116057,"Data Analyst","Charger Logistics Inc","87","Large","8208"
1513681,"Data Analyst","OANDA","18","Medium","8208"
387645,"Data Analyst","Zero Labs Automotive","6","Small","8208"
842152,"Data Analyst","DSI Systems","10","Medium","8208"
37518,"Data Analyst","InDebted","14","Medium","8208"
454065,"Data Analyst","Viva Wallet","20","Medium","8208"
374696,"Data Analyst","Bayut | dubizzle","18","Medium","8208"
1040368,"Data Analyst","Foodics","39","Medium","8208"
1621216,"Data Analyst","Aize AS","14","Medium","8208"
259232,"Data Analyst","AACSB International","4","Small","8208"
984487,"Data Analyst","PepsiCo","959","Large","8208"
97683,"Data Analyst","Inivos","3","Small","8208"
325351,"Data Analyst","Kuda Technologies Ltd","11","Medium","8208"
1149238,"Data Analyst","Get It Recruit - Technology","4","Small","8208"
610315,"Data Analyst","ATB Financial","36","Medium","8208"
1321883,"Data Analyst","Sleek","16","Medium","8208"
116598,"Data Analyst","PartnerRe","34","Medium","8208"
726941,"Data Analyst","Syngenta Group","101","Large","8208"
55718,"Data Analyst","Potato Play Pte. Ltd.","3","Small","8208"
912827,"Data Analyst","Charger Logistics Inc","87","Large","8208"
867791,"Data Analyst","Get It Recruit - Technology","4","Small","8250"
676466,"Data Analyst","Bosch Group","843","Large","8263"
1201997,"Data Analyst","Kinaxis","48","Medium","8263"
1161242,"Data Analyst","Tempus","29","Medium","8263"
927960,"Data Analyst","SAIT","6","Small","8263"
294986,"Data Analyst","TIAA","256","Large","8263"
1739927,"Data Analyst","Bluebix Solutions Inc.","1","Small","8292"
1527665,"Data Analyst","Insight Global","2254","Large","8333"
1800219,"Data Analyst","Lorien","143","Large","8333"
975016,"Data Analyst","VSB Tech Consulting Services","1","Small","8333"
307688,"Data Analyst","Prudential Financial","33","Medium","8333"
87127,"Data Analyst","Insight Global","2254","Large","8333"
1752830,"Data Analyst","MRoads","15","Medium","8333"
774605,"Data Analyst","Medix™","11","Medium","8333"
524146,"Data Analyst","Hearth","1","Small","8333"
54435,"Data Analyst","iNtegrity+","3","Small","8333"
1520010,"Data Analyst","Perennial Resources International","3","Small","8333"
43545,"Data Analyst","InvestM Technology LLC","22","Medium","8333"
312147,"Data Analyst","Advanced Hires","8","Small","8333"
117415,"Data Analyst","Notable","4","Small","8333"
309619,"Data Analyst","Boston Government Services Llc","1","Small","8333"
1292837,"Data Analyst","PTS Advance","5","Small","8333"
153575,"Data Analyst","Scholastic","3","Small","8333"
564957,"Data Analyst","Advanced Hires","8","Small","8333"
281101,"Data Analyst","Pull Skill Technologies","8","Small","8333"
245941,"Data Analyst","Insight Global","2254","Large","8333"
1489686,"Data Analyst","Robinhood","54","Large","8333"
534091,"Data Analyst","Trinity Healthcare Resources","1","Small","8333"
1365674,"Data Analyst","National Park Foundation","1","Small","8333"
1084428,"Data Analyst","Patton Labs Inc.","1","Small","8333"
407783,"Data Analyst","Federal Reserve Bank (FRB)","11","Medium","8333"
996371,"Data Analyst","SGS Consulting","23","Medium","8333"
449421,"Data Analyst","Ingenics","1","Small","8333"
1544055,"Data Analyst","MRoads","15","Medium","8333"
838504,"Data Analyst","Optum","154","Large","8367"
1519017,"Data Analyst","UnitedHealth Group","1819","Large","8367"
1780319,"Data Analyst","Sandia National Laboratories","76","Large","8371"
88344,"Data Analyst","Fresh Gravity","11","Medium","8375"
216086,"Data Analyst","ZFX","16","Medium","8375"
605757,"Data Analyst","Shield","6","Small","8375"
28430,"Data Analyst","Charger Logistics Inc","87","Large","8375"
1531638,"Data Analyst","SimpliRoute","2","Small","8375"
924523,"Data Analyst","Navy Federal Credit Union","312","Large","8392"
382742,"Data Analyst","Navy Federal Credit Union","312","Large","8392"
1224422,"Data Analyst","KeyLogic Systems","4","Small","8417"
20223,"Data Analyst","Citi","2186","Large","8462"
422725,"Data Analyst","Citi","2186","Large","8462"
1472702,"Data Analyst","Kani Solutions","24","Medium","8520"
558727,"Data Analyst","Motimatic","7","Small","8542"
522268,"Data Analyst","Verisk","310","Large","8542"
542783,"Data Analyst","Metropolitan Transportation Authority","28","Medium","8542"
29327,"Data Analyst","Robert Half","1863","Large","8542"
253746,"Data Analyst","NielsenIQ","726","Large","8542"
1281562,"Data Analyst","Allegro","253","Large","8542"
1184831,"Data Analyst","Gympass","63","Large","8542"
306104,"Data Analyst","Gaming Innovation Group","25","Medium","8542"
1526060,"Data Analyst","Bosch Group","843","Large","8542"
179955,"Data Analyst","Verisk","310","Large","8542"
1434278,"Data Analyst","firstPRO, Inc","20","Medium","8542"
649141,"Data Analyst","The Intersect Group","55","Large","8542"
784186,"Data Analyst","STEMBoard","35","Medium","8542"
1262268,"Data Analyst","Applaudo Studios","26","Medium","8542"
929216,"Data Analyst","Veeva Systems","269","Large","8542"
757978,"Data Analyst","Incode","5","Small","8542"
6364,"Data Analyst","Assembly","18","Medium","8542"
1240464,"Data Analyst","Capco","113","Large","8542"
476098,"Data Analyst","SGS","119","Large","8542"
1431,"Data Analyst","Glean","4","Small","8542"
202723,"Data Analyst","Swoon","55","Large","8542"
1549213,"Data Analyst","Ninja Van","57","Large","8542"
355925,"Data Analyst","Octopus Energy","65","Large","8542"
857626,"Data Analyst","Spry Methods","1","Small","8542"
271950,"Data Analyst","Randstad USA","168","Large","8583"
1138741,"Data Analyst","Anheuser-Busch","41","Medium","8600"
931430,"Data Analyst","KeyLogic","4","Small","8625"
42250,"Data Analyst","California Health & Wellness","48","Medium","8633"
1013394,"Data Analyst","California Health & Wellness","48","Medium","8633"
1711559,"Data Analyst","Lockheed Martin","431","Large","8642"
163685,"Data Analyst","EDWARD JONES","129","Large","8648"
580085,"Data Analyst","USAA","311","Large","8674"
315691,"Data Analyst","Conga","6","Small","8708"
560632,"Data Analyst","Apollo","5","Small","8729"
1444047,"Data Analyst","Eleven Recruiting","5","Small","8750"
371104,"Data Analyst","Modis","259","Large","8750"
1519925,"Data Analyst","Data Services","1","Small","8750"
24949,"Data Analyst","CyberCoders","542","Large","8750"
146185,"Data Analyst","ULINE","8","Small","8750"
1531080,"Data Analyst","AE Business Solutions","11","Medium","8750"
364598,"Data Analyst","Heartland Consulting","3","Small","8750"
1695660,"Data Analyst","Robert Half","1863","Large","8750"
909000,"Data Analyst","EL Education (Formerly Expeditionary Learning)","1","Small","8750"
705457,"Data Analyst","Bioderm Inc.","1","Small","8750"
645535,"Data Analyst","At-Bay","22","Medium","8750"
173536,"Data Analyst","Eliassen Group","244","Large","8750"
342518,"Data Analyst","JRM Construction Management, LLC","1","Small","8750"
1069248,"Data Analyst","Starr And Associates LLC","1","Small","8750"
679106,"Data Analyst","WNA","3","Small","8750"
119521,"Data Analyst","Palo Alto Veterans Institute for Research (PAVIR)","1","Small","8750"
612685,"Data Analyst","BNY Mellon","317","Large","8750"
207233,"Data Analyst","Fortuna BMC","9","Small","8754"
1244015,"Data Analyst","Citi","2186","Large","8793"
1057103,"Data Analyst","Dun & Bradstreet","131","Large","8804"
782436,"Data Analyst","Statkraft","79","Large","8804"
400706,"Data Analyst","Sword","12","Medium","8804"
17219,"Data Analyst","Wolt","252","Large","8804"
1062773,"Data Analyst","Experian","762","Large","8804"
1365203,"Data Analyst","Experian","762","Large","8804"
1589845,"Data Analyst","EUROPEAN DYNAMICS","40","Medium","8804"
915736,"Data Analyst","SOMFY Group","24","Medium","8804"
1071793,"Data Analyst","Statkraft","79","Large","8804"
1113092,"Data Analyst","STEMBoard","35","Medium","8804"
715643,"Data Analyst","ITECCO","29","Medium","8825"
1168424,"Data Analyst","ContractRecruiter.com","4","Small","8833"
618788,"Data Analyst","U.S. Bank National Association","19","Medium","8840"
247424,"Data Analyst","Hewlett Packard Enterprise","321","Large","8858"
1275776,"Data Analyst","Fire & Emergency Medical Svs","1","Small","8874"
1675482,"Data Analyst","Frontier, Inc.","2","Small","8890"
88788,"Data Analyst","LEIDOS","250","Large","8938"
610964,"Data Analyst","Kingsley-Rose","1","Small","8958"
403240,"Data Analyst","Top Prospect Group","13","Medium","8958"
1026200,"Data Analyst","Rhino","1","Small","8958"
885055,"Data Analyst","Nielsen Associates","1","Small","8958"
1085144,"Data Analyst","Connect Search, LLC","16","Medium","8958"
1605882,"Data Analyst","UC Davis Health","7","Small","8983"
1474296,"Data Analyst","Gainwell Technologies","39","Medium","9008"
480984,"Data Analyst","Addepar","28","Medium","9042"
121013,"Data Analyst","New York State Department of Health","21","Medium","9097"
163226,"Data Analyst","New York State Department of Health","21","Medium","9097"
154375,"Data Analyst","Workers' Compensation Board","2","Small","9097"
370673,"Data Analyst","New York State Department of Health","21","Medium","9097"
1017704,"Data Analyst","New York State Department of Health","21","Medium","9097"
1263152,"Data Analyst","NYS Department of Health","6","Small","9097"
1294845,"Data Analyst","Liberty Mutual Insurance","120","Large","9113"
1388228,"Data Analyst","Welocalize","24","Medium","9125"
1789365,"Data Analyst","Riverside Technology, inc.","5","Small","9125"
292547,"Data Analyst","Jane Street","23","Medium","9125"
1340179,"Data Analyst","Specialized Bicycle Components, Inc.","1","Small","9145"
815303,"Data Analyst","Effectv","16","Medium","9156"
780324,"Data Analyst","System Soft Technologies","83","Large","9167"
1187839,"Data Analyst","Axient","41","Medium","9167"
1260340,"Data Analyst","Hexaware Technologies, Inc","8","Small","9167"
1570683,"Data Analyst","Carvant Financial LLC","1","Small","9167"
1522662,"Data Analyst","Stanford University","283","Large","9167"
265347,"Data Analyst","Robert Half","1863","Large","9167"
1047698,"Data Analyst","Insight Global","2254","Large","9167"
1592165,"Data Analyst","Robert Half","1863","Large","9167"
913428,"Data Analyst","Apple Bank for Savings","3","Small","9167"
1434486,"Data Analyst","State Farm","188","Large","9167"
580365,"Data Analyst","JLL","263","Large","9167"
480243,"Data Analyst","Cava Connect","1","Small","9167"
1090115,"Data Analyst","ProIT Inc.","10","Medium","9187"
202813,"Data Analyst","Liberty Mutual Insurance","120","Large","9208"
539555,"Data Analyst","Liberty Mutual Insurance","120","Large","9208"
146,"Data Analyst","Coupang","209","Large","9265"
321008,"Data Analyst","Bixal","5","Small","9265"
390450,"Data Analyst","Coupang","209","Large","9265"
943701,"Data Analyst","Avaloq","36","Medium","9265"
1354251,"Data Analyst","Verisk","310","Large","9265"
125561,"Data Analyst","OKX","90","Large","9265"
921245,"Data Analyst","iOPEX","1","Small","9265"
1206705,"Data Analyst","Averna","14","Medium","9265"
903544,"Data Analyst","Allegro","253","Large","9265"
1025126,"Data Analyst","Truecaller","45","Medium","9265"
534231,"Data Analyst","Bosch Group","843","Large","9265"
1272035,"Data Analyst","SWORD Health","12","Medium","9265"
1613298,"Data Analyst","Extreme Networks","33","Medium","9265"
198545,"Data Analyst","Similarweb","25","Medium","9265"
1419516,"Data Analyst","Tempus","29","Medium","9265"
101638,"Data Analyst","Genesis","78","Large","9265"
947070,"Data Analyst","Publicis Groupe","689","Large","9265"
1624296,"Data Analyst","Wayfair Inc.","9","Small","9265"
155170,"Data Analyst","Contentsquare","77","Large","9265"
814149,"Data Analyst","NielsenIQ","726","Large","9265"
895116,"Data Analyst","Publicis Groupe","689","Large","9265"
883822,"Data Analyst","Agoda","649","Large","9265"
922928,"Data Analyst","Dialpad","44","Medium","9265"
696697,"Data Analyst","Arcadia","28","Medium","9265"
1227971,"Data Analyst","Coupang","209","Large","9265"
1601703,"Data Analyst","Publicis Groupe","689","Large","9265"
830180,"Data Analyst","Curated","1","Small","9265"
1147623,"Data Analyst","FiscalNote","12","Medium","9265"
135517,"Data Analyst","Poshmark","27","Medium","9265"
876513,"Data Analyst","Allegro","253","Large","9265"
1066642,"Data Analyst","Agoda","649","Large","9265"
1295805,"Data Analyst","2K","120","Large","9265"
138295,"Data Analyst","Adyen","182","Large","9265"
603094,"Data Analyst","Publicis Groupe","689","Large","9265"
792714,"Data Analyst","Publicis Groupe","689","Large","9265"
473426,"Data Analyst","ServiceNow","258","Large","9265"
176019,"Data Analyst","BukuWarung","4","Small","9265"
4851,"Data Analyst","Ocorian","25","Medium","9265"
531828,"Data Analyst","Publicis Groupe","689","Large","9265"
1565917,"Data Analyst","Allegro","253","Large","9265"
1186037,"Data Analyst","Anduril Industries","23","Medium","9265"
890587,"Data Analyst","Ninja Van","57","Large","9265"
26988,"Data Analyst","Cloudflare, Inc.","7","Small","9265"
841656,"Data Analyst","Agoda","649","Large","9265"
1154526,"Data Analyst","Verisk","310","Large","9265"
309885,"Data Analyst","Zscaler","169","Large","9265"
1203722,"Data Analyst","Nisum","78","Large","9265"
891375,"Data Analyst","Natixis in Portugal","77","Large","9265"
848502,"Data Analyst","Netcentric","71","Large","9265"
1181650,"Data Analyst","Eurofins","137","Large","9265"
1478993,"Data Analyst","Pendulum","21","Medium","9265"
1034952,"Data Analyst","iAdvize","21","Medium","9265"
1718997,"Data Analyst","takealot.com","10","Medium","9265"
631334,"Data Analyst","Stripe","174","Large","9265"
1721097,"Data Analyst","CarGurus","12","Medium","9265"
504024,"Data Analyst","Delta Solutions & Strategies","3","Small","9265"
1241355,"Data Analyst","Tower Research Capital","21","Medium","9265"
1112483,"Data Analyst","Lucid Motors","77","Large","9265"
70470,"Data Analyst","Vattenfall","213","Large","9265"
351471,"Data Analyst","Allegro","253","Large","9265"
1000905,"Data Analyst","Trusting Social","24","Medium","9265"
958558,"Data Analyst","ServiceNow","258","Large","9265"
925148,"Data Analyst","DAZN","48","Medium","9265"
208958,"Data Analyst","Kaizen Gaming","56","Large","9265"
98085,"Data Analyst","Canva","114","Large","9265"
113616,"Data Analyst","Sertis","63","Large","9265"
673969,"Data Analyst","Binance","278","Large","9265"
1127808,"Data Analyst","Snowflake Inc.","24","Medium","9265"
1013035,"Data Analyst","ADDX","11","Medium","9265"
314864,"Data Analyst","Bosch Group","843","Large","9265"
1396666,"Data Analyst","Version 1","100","Large","9265"
1220833,"Data Analyst","Western Digital","366","Large","9265"
1502899,"Data Analyst","Vantiva","9","Small","9265"
461074,"Data Analyst","AppsFlyer","53","Large","9265"
319715,"Data Analyst","Eurowag","11","Medium","9265"
215578,"Data Analyst","Sutherland","71","Large","9265"
1276341,"Data Analyst","Mindvalley","14","Medium","9265"
87796,"Data Analyst","Coupang","209","Large","9265"
887067,"Data Analyst","EPSA","6","Small","9267"
1387199,"Data Analyst","Clarkston Consulting","23","Medium","9267"
492451,"Data Analyst","Coupang","209","Large","9267"
688479,"Data Analyst","Red Gate Group","24","Medium","9267"
54446,"Data Analyst","Dialpad","44","Medium","9267"
537995,"Data Analyst","Flink","26","Medium","9267"
779431,"Data Analyst","Spotify","195","Large","9267"
655078,"Data Analyst","Prezi","2","Small","9267"
1205323,"Data Analyst","SpectraMedix","20","Medium","9267"
880056,"Data Analyst","SumUp","92","Large","9267"
452745,"Data Analyst","Binance","278","Large","9267"
348471,"Data Analyst","Adyen","182","Large","9267"
1152185,"Data Analyst","Nubank","88","Large","9267"
1244976,"Data Analyst","Kforce Technology Staffing","106","Large","9292"
81717,"Data Analyst","Somerset Global Solutions","2","Small","9292"
780674,"Data Analyst","Sikorsky Aircraft Corporation","3","Small","9317"
147455,"Data Analyst","Cisco Meraki","47","Medium","9338"
1226577,"Data Analyst","Quest Group Executive Search and Staffing Solutions","2","Small","9375"
504104,"Data Analyst","Bresatech","1","Small","9375"
592901,"Data Analyst","Encore Technologies","9","Small","9375"
672095,"Data Analyst","WSNe Inc.","3","Small","9375"
571917,"Data Analyst","Daman","4","Small","9375"
1006256,"Data Analyst","InvestM Technology LLC","22","Medium","9375"
10709,"Data Analyst","Kaizen Approach, Inc","1","Small","9375"
84928,"Data Analyst","Seneca Resources, LLC","9","Small","9375"
223494,"Data Analyst","Citi","2186","Large","9391"
1688102,"Data Analyst","Citi","2186","Large","9391"
236044,"Data Analyst","Citi","2186","Large","9391"
986599,"Data Analyst","City National Bank","103","Large","9416"
844789,"Data Analyst","SpotOn: Corporate","2","Small","9417"
1354909,"Data Analyst","GEICO","97","Large","9458"
947506,"Data Analyst","Elevance Health","552","Large","9483"
776901,"Data Analyst","Niagara Bottling","13","Medium","9491"
833565,"Data Analyst","Kforce Technology Staffing","106","Large","9542"
864327,"Data Analyst","Request Technology","7","Small","9583"
755657,"Data Analyst","firstPRO, Inc","20","Medium","9583"
741916,"Data Analyst","Johnson & Johnson","501","Large","9583"
693356,"Data Analyst","Regions Financial Corporation","8","Small","9583"
188079,"Data Analyst","Northrop Grumman","355","Large","9583"
514847,"Data Analyst","TIAA","256","Large","9583"
524273,"Data Analyst","Citigroup, Inc","53","Large","9583"
1299050,"Data Analyst","NoGood","1","Small","9583"
1476799,"Data Analyst","Peraton","841","Large","9583"
1263949,"Data Analyst","Cherokee Nation Businesses","13","Medium","9583"
316560,"Data Analyst","Eastridge","9","Small","9583"
789890,"Data Analyst","Green Key Resources","4","Small","9583"
1575036,"Data Analyst","JP Morgan Chase & Co.","72","Large","9583"
904087,"Data Analyst","International Game Technology","1","Small","9583"
1441889,"Data Analyst","American Express","232","Large","9583"
504429,"Data Analyst","Okaya Corp","5","Small","9583"
1020637,"Data Analyst","Tesla, Inc","25","Medium","9583"
198747,"Data Analyst","Robert Half","1863","Large","9583"
815874,"Data Analyst","Numentica LLC","31","Medium","9583"
1320450,"Data Analyst","FIS","170","Large","9583"
56281,"Data Analyst","Tesla, Inc","25","Medium","9583"
1521341,"Data Analyst","Triplebyte","4","Small","9583"
735803,"Data Analyst","Piper Companies","234","Large","9583"
1478050,"Data Analyst","Integral Ad Science","66","Large","9583"
1770196,"Data Analyst","Peraton","841","Large","9583"
1550111,"Data Analyst","Xcel Energy","24","Medium","9583"
572059,"Data Analyst","Discovery, Inc.","4","Small","9583"
1772547,"Data Analyst","Medasource","25","Medium","9583"
901226,"Data Analyst","Warner Media Group","8","Small","9583"
1092555,"Data Analyst","Alignment Healthcare","10","Medium","9583"
1055806,"Data Analyst","Verkada Inc.","2","Small","9583"
1061571,"Data Analyst","At-Bay","22","Medium","9583"
1283786,"Data Analyst","Visa Inc","20","Medium","9583"
12339,"Data Analyst","firstPRO, Inc","20","Medium","9583"
1137073,"Data Analyst","CBOE V, LLC","1","Small","9583"
1670822,"Data Analyst","JCW","11","Medium","9583"
1551803,"Data Analyst","Peraton","841","Large","9583"
1763202,"Data Analyst","Aleto, Inc.","2","Small","9583"
311597,"Data Analyst","S&P Global, Inc","8","Small","9583"
150898,"Data Analyst","Stanford University","283","Large","9583"
1012034,"Data Analyst","PG&E Corporation","103","Large","9583"
1031572,"Data Analyst","Liberty Mutual","22","Medium","9583"
335765,"Data Analyst","City National Bank (CNB)","9","Small","9583"
1471061,"Data Analyst","NTT DATA  Services","84","Large","9583"
1539305,"Data Analyst","iSpot.tv","3","Small","9583"
1531444,"Data Analyst","Booz Allen Hamilton","2890","Large","9583"
1346847,"Data Analyst","TIAA","256","Large","9583"
662412,"Data Analyst","RAND Corporation","26","Medium","9583"
893289,"Data Analyst","Zip Co","13","Medium","9583"
423014,"Data Analyst","Volt Technical Resources","2","Small","9583"
445132,"Data Analyst","Leidos","1038","Large","9583"
280119,"Data Analyst","Pitchbook","4","Small","9583"
1685785,"Data Analyst","LA Care Health Plan","5","Small","9583"
1615545,"Data Analyst","Warner Media Group","8","Small","9583"
357990,"Data Analyst","Robert Half","1863","Large","9583"
585210,"Data Analyst","American Red Cross","28","Medium","9583"
475854,"Data Analyst","Apple","885","Large","9583"
398326,"Data Analyst","Accenture","1708","Large","9583"
777697,"Data Analyst","Citigroup, Inc","53","Large","9583"
1581904,"Data Analyst","Top Prospect Group","13","Medium","9583"
282372,"Data Analyst","Citigroup, Inc","53","Large","9583"
1723169,"Data Analyst","Cybernetic Search","40","Medium","9583"
1235212,"Data Analyst","McKesson","120","Large","9583"
1124924,"Data Analyst","Citigroup, Inc","53","Large","9583"
1643020,"Data Analyst","Cognizant","658","Large","9583"
639183,"Data Analyst","Liberty Mutual Insurance","120","Large","9583"
890604,"Data Analyst","Booz Allen Hamilton","2890","Large","9583"
804577,"Data Analyst","JP Morgan Chase & Co.","72","Large","9583"
1658365,"Data Analyst","Booz Allen Hamilton","2890","Large","9583"
367975,"Data Analyst","AppFolio","13","Medium","9583"
634238,"Data Analyst","American Express","232","Large","9583"
1642400,"Data Analyst","Top Stack","17","Medium","9583"
1071367,"Data Analyst","Sequoia Research Corporation","3","Small","9583"
1274429,"Data Analyst","Sandia National Laboratories","76","Large","9583"
22981,"Data Analyst","Citigroup, Inc","53","Large","9583"
1328890,"Data Analyst","NATIONAL GRID CO USA (NE POWER)","61","Large","9625"
677233,"Data Analyst","J&J Family of Companies","240","Large","9625"
315851,"Data Analyst","NATIONAL GRID CO USA (NE POWER)","61","Large","9625"
1090353,"Data Analyst","Office of Inspector General, City of Chicago","2","Small","9630"
158300,"Data Analyst","Cox Communications","226","Large","9642"
1116509,"Data Analyst","UKG (Ultimate Kronos Group)","58","Large","9648"
1574716,"Data Analyst","Kern Health Systems","7","Small","9649"
16358,"Data Analyst","Kern Health Systems","7","Small","9649"
1747203,"Data Analyst","Federal Services","16","Medium","9650"
715108,"Data Analyst","Centene Pharmacy Services","13","Medium","9667"
215393,"Data Analyst","Cox Communications","226","Large","9725"
999982,"Data Analyst","Emburse","4","Small","9746"
1224963,"Data Analyst","Citi","2186","Large","9763"
150797,"Data Analyst","Citi","2186","Large","9767"
1382943,"Data Analyst","US Department of Housing and Urban Development","1","Small","9775"
1518066,"Data Analyst","Insight Global","2254","Large","9792"
624109,"Data Analyst","American Express","232","Large","9792"
1700540,"Data Analyst","Eclaro","42","Medium","9792"
1267740,"Data Analyst","American Express","232","Large","9792"
1524493,"Data Analyst","Insight Global","2254","Large","9792"
646209,"Data Analyst","Brooksource","250","Large","9792"
998423,"Data Analyst","Option 1 Staffing Services, Inc.","11","Medium","9792"
1495006,"Data Analyst","Appen Limited","2","Small","9792"
438819,"Data Analyst","TIAA","256","Large","9796"
1596955,"Data Analyst","TIAA","256","Large","9796"
702114,"Data Analyst","Ledgent Technology","78","Large","9833"
1308910,"Data Analyst","Radcube LLC","3","Small","9847"
563587,"Data Analyst","TikTok","816","Large","9852"
876656,"Data Analyst","CVS Health","641","Large","9933"
766821,"Data Analyst","National Institutes of Health","24","Medium","9992"
600487,"Data Analyst","Prudent Technologies and Consulting","14","Medium","10000"
1706100,"Data Analyst","hatch I.T.","6","Small","10000"
1159385,"Data Analyst","Jobot","1105","Large","10000"
157551,"Data Analyst","Tier4 Group","17","Medium","10000"
1322017,"Data Analyst","Motion Recruitment","992","Large","10000"
455164,"Data Analyst","Headway Tek Inc","14","Medium","10000"
830874,"Data Analyst","Delaware Nation Industries","4","Small","10000"
354303,"Data Analyst","Citi","2186","Large","10059"
82196,"Data Analyst","Citi","2186","Large","10059"
1687879,"Data Analyst","Citi","2186","Large","10059"
1364346,"Data Analyst","PayPal","410","Large","10062"
1718362,"Data Analyst","Noblis","115","Large","10089"
264819,"Data Analyst","Rockstar Games","45","Medium","10125"
1015777,"Data Analyst","Analytic Recruiting Inc.","43","Medium","10208"
790231,"Data Analyst","TEKsystems","648","Large","10208"
1651479,"Data Analyst","INTERMS LLC","1","Small","10208"
1619317,"Data Analyst","City and County of San Francisco","17","Medium","10212"
41379,"Data Analyst","Worley","133","Large","10224"
821092,"Data Analyst","Cloudflare","132","Large","10333"
934466,"Data Analyst","TikTok","816","Large","10370"
608477,"Data Analyst","FLYR Labs","31","Medium","10375"
1784673,"Data Analyst","SIXT","82","Large","10387"
896940,"Data Analyst","Fresenius Medical Care","34","Medium","10417"
456405,"Data Analyst","Vertellus Specialities Inc","1","Small","10417"
322545,"Data Analyst","M&T Bank Corporation","3","Small","10417"
1368293,"Data Analyst","Capital One Financial Corporation","28","Medium","10417"
1199669,"Data Analyst","United Air Lines, Inc","3","Small","10417"
1612810,"Data Analyst","ECS","110","Large","10417"
903746,"Data Analyst","OpenWeb","5","Small","10417"
228881,"Data Analyst","Costco Wholesale","17","Medium","10417"
74103,"Data Analyst","Field Museum","5","Small","10417"
713222,"Data Analyst","Tandym Group","99","Large","10417"
1216840,"Data Analyst","hims & hers","24","Medium","10417"
1231661,"Data Analyst","Library of Congress","9","Small","10417"
1358170,"Data Analyst","PapeDawson Engineers Inc","1","Small","10417"
1011502,"Data Analyst","IntePros Consulting","14","Medium","10417"
1576035,"Data Analyst","Hamlyn Williams","5","Small","10417"
1229773,"Data Analyst","Infinity Consulting Solutions, Inc.","26","Medium","10417"
922119,"Data Analyst","Span.IO","1","Small","10417"
1191757,"Data Analyst","Insight Global","2254","Large","10417"
595967,"Data Analyst","Starbridge Partners","3","Small","10417"
222879,"Data Analyst","KPMG","613","Large","10417"
158814,"Data Analyst","Insight Global","2254","Large","10417"
1338893,"Data Analyst","Stanford University","283","Large","10417"
625866,"Data Analyst","United Air Lines, Inc","3","Small","10417"
1359532,"Data Analyst","Elevance Health","552","Large","10417"
783829,"Data Analyst","BlueCross BlueShield of South Carolina","57","Large","10417"
660484,"Data Analyst","Country Financial","10","Medium","10417"
944678,"Data Analyst","Crowe","25","Medium","10417"
973945,"Data Analyst","Automobile Club of Southern California","27","Medium","10417"
1120406,"Data Analyst","Citi","2186","Large","10462"
302128,"Data Analyst","Citi","2186","Large","10462"
176600,"Data Analyst","Citi","2186","Large","10462"
502626,"Data Analyst","UnitedHealth Group","1819","Large","10500"
1510307,"Data Analyst","United States Space Force","7","Small","10528"
936971,"Data Analyst","Change Healthcare","52","Large","10564"
1791785,"Data Analyst","Cash App","100","Large","10583"
1700669,"Data Analyst","TIAA","256","Large","10592"
323791,"Data Analyst","TIAA","256","Large","10592"
860594,"Data Analyst","Sompo International","19","Medium","10625"
233134,"Data Analyst","Kani Solutions","24","Medium","10625"
243076,"Data Analyst","Ampla","1","Small","10625"
157103,"Data Analyst","Kani Solutions Inc.","3","Small","10625"
613212,"Data Analyst","Los Alamos National Laboratory","37","Medium","10629"
950199,"Data Analyst","Global Allsights","4","Small","10696"
816763,"Data Analyst","Guidehouse","1691","Large","10754"
1676744,"Data Analyst","Mission Box Solutions","17","Medium","10833"
276995,"Data Analyst","LTIMindtree","562","Large","10833"
1792613,"Data Analyst","Job Juncture","26","Medium","10833"
1767366,"Data Analyst","Robert Half","1863","Large","10833"
1574884,"Data Analyst","New York Technology Partners","57","Large","10833"
451746,"Data Analyst","Akkodis","308","Large","10833"
1267909,"Data Analyst","Trinity Solar Careers","4","Small","10833"
90488,"Data Analyst","dermalogica llc","1","Small","10833"
967957,"Data Analyst","Talent Hires","4","Small","10833"
1067010,"Data Analyst","Sandia National Laboratories","76","Large","10858"
954639,"Data Analyst","Block","266","Large","10875"
1267323,"Data Analyst","block","2","Small","10875"
1621625,"Data Analyst","TIAA Bank","25","Medium","10992"
810037,"Data Analyst","TIAA","256","Large","10992"
150964,"Data Analyst","TIAA","256","Large","10992"
730887,"Data Analyst","TIAA","256","Large","10992"
1308,"Data Analyst","TIAA","256","Large","10992"
1451722,"Data Analyst","NYS Office of General Services","5","Small","10998"
38944,"Data Analyst","Citi","2186","Large","11026"
1133532,"Data Analyst","Citi","2186","Large","11026"
321594,"Data Analyst","Citi","2186","Large","11026"
262837,"Data Analyst","Osmind","1","Small","11042"
74223,"Data Analyst","Michael Page International Inc","35","Medium","11042"
1711073,"Data Analyst","WhiteCrow","23","Medium","11083"
363085,"Data Analyst","UKG (Ultimate Kronos Group)","58","Large","11095"
10589,"Data Analyst","UKG (Ultimate Kronos Group)","58","Large","11095"
1062720,"Data Analyst","Citi","2186","Large","11107"
215762,"Data Analyst","Citi","2186","Large","11107"
1561973,"Data Analyst","Citi","2186","Large","11107"
161376,"Data Analyst","Franklin Resources","1","Small","11250"
794094,"Data Analyst","Storm2","52","Large","11250"
479965,"Data Analyst","InvestM Technology LLC","22","Medium","11250"
1107030,"Data Analyst","Parabolic Career","13","Medium","11250"
169025,"Data Analyst","1872 Consulting","38","Medium","11458"
610044,"Data Analyst","Hub Consulting","1","Small","11458"
754379,"Data Analyst","KEYENCE","9","Small","11458"
407882,"Data Analyst","Michael Page International Inc","35","Medium","11458"
468613,"Data Analyst","ALTA IT Services","47","Medium","11458"
447357,"Data Analyst","Michael Page International Inc","35","Medium","11458"
533411,"Data Analyst","CipherStaff","2","Small","11458"
1012175,"Data Analyst","Citi","2186","Large","11468"
1767160,"Data Analyst","Citi","2186","Large","11468"
1229004,"Data Analyst","Capital One","1983","Large","11543"
56415,"Data Analyst","Capital One","1983","Large","11543"
1206776,"Data Analyst","Capital One","1983","Large","11543"
268532,"Data Analyst","Capital One","1983","Large","11543"
1373727,"Data Analyst","Citi","2186","Large","11551"
297968,"Data Analyst","Citi","2186","Large","11551"
181535,"Data Analyst","Citi","2186","Large","11551"
1608215,"Data Analyst","Publicis Groupe","689","Large","11604"
139135,"Data Analyst","KEYENCE CORPORATION","7","Small","11667"
762220,"Data Analyst","IT Pros","142","Large","11667"
1075755,"Data Analyst","Bosch Group","843","Large","11667"
1306755,"Data Analyst","Engage Partners, Inc.","9","Small","11667"
1392859,"Data Analyst","Motion Recruitment","992","Large","11667"
208403,"Data Analyst","Insight Global","2254","Large","11667"
1338668,"Data Analyst","Storm2","52","Large","11667"
1090975,"Data Analyst","Uber","277","Large","11708"
1185456,"Data Analyst","Charles Schwab","75","Large","11783"
1181290,"Data Analyst","Analytic Solutions Group","13","Medium","11875"
316262,"Data Analyst","Thirty Madison","6","Small","11917"
95568,"Data Analyst","NATIONAL GRID CO USA (NE POWER)","61","Large","11958"
1212871,"Data Analyst","Elevance Health","552","Large","11983"
178604,"Data Analyst","EDWARD JONES","129","Large","12040"
154280,"Data Analyst","EDWARD JONES","129","Large","12040"
1275642,"Data Analyst","Edward Jones","52","Large","12040"
486901,"Data Analyst","EDWARD JONES","129","Large","12040"
1498380,"Data Analyst","Datadog","85","Large","12042"
681462,"Data Analyst","SpaceX","57","Large","12083"
420632,"Data Analyst","Protek Consulting","23","Medium","12083"
712558,"Data Analyst","ALTA IT Services","47","Medium","12083"
1393563,"Data Analyst","Storm2","52","Large","12083"
479485,"Data Analyst","Level","7","Small","12083"
611540,"Data Analyst","eTeam","298","Large","12083"
1329872,"Data Analyst","CyberCoders","542","Large","12083"
12240,"Data Analyst","Citi","2186","Large","12175"
1437247,"Data Analyst","Citi","2186","Large","12175"
733476,"Data Analyst","Citi","2186","Large","12175"
529267,"Data Analyst","Citi","2186","Large","12175"
1249814,"Data Analyst","State Street","241","Large","12292"
60792,"Data Analyst","Protek Consulting","23","Medium","12292"
298344,"Data Analyst","Doran Jones Inc.","5","Small","12292"
299216,"Data Analyst","Nubank","88","Large","12292"
1308989,"Data Analyst","Top Prospect Group","13","Medium","12292"
750451,"Data Analyst","Nubank","88","Large","12292"
518579,"Data Analyst","EDWARD JONES","129","Large","12353"
1363054,"Data Analyst","Citi","2186","Large","12500"
1025567,"Data Analyst","TIAA","256","Large","12500"
720166,"Data Analyst","Wells Fargo","1130","Large","12500"
1172447,"Data Analyst","Life360","11","Medium","12500"
1163251,"Data Analyst","Mayo Clinic","41","Medium","12500"
1009522,"Data Analyst","Workday","275","Large","12500"
764156,"Data Analyst","Staffing Opportunities Solutions, Inc.","1","Small","12500"
90065,"Data Analyst","Datadog","85","Large","12500"
1187886,"Data Analyst","Citigroup, Inc","53","Large","12500"
186318,"Data Analyst","WGN-TV","1","Small","12500"
437427,"Data Analyst","Apple","885","Large","12500"
306181,"Data Analyst","Sandia National Laboratories","76","Large","12500"
890855,"Data Analyst","productboard","1","Small","12500"
231380,"Data Analyst","Blue Shield Of California","26","Medium","12500"
125583,"Data Analyst","Jam City","8","Small","12500"
348825,"Data Analyst","Square","189","Large","12500"
211362,"Data Analyst","JP Morgan Chase & Co.","72","Large","12500"
1772467,"Data Analyst","Wells Fargo","1130","Large","12500"
765178,"Data Analyst","Citi","2186","Large","12663"
540057,"Data Analyst","Rocket Money","3","Small","12708"
795614,"Data Analyst","Zscaler","169","Large","12719"
565646,"Data Analyst","Zscaler","169","Large","12719"
484892,"Data Analyst","UCB","50","Medium","12917"
105157,"Data Analyst","Motion Recruitment","992","Large","12917"
1336670,"Data Analyst","Michelin","94","Large","12917"
1115363,"Data Analyst","Outreach Events","2","Small","13000"
643691,"Data Analyst","Nuro","7","Small","13042"
138106,"Data Analyst","ByteDance","145","Large","13083"
985088,"Data Analyst","Meta","647","Large","13125"
1500753,"Data Analyst","Indegene","17","Medium","13125"
1124380,"Data Analyst","United States Space Force","7","Small","13261"
1352755,"Data Analyst","MediaAlpha","3","Small","13333"
475626,"Data Analyst","Realtime Recruitment","34","Medium","13333"
783771,"Data Analyst","Robert Half","1863","Large","13333"
253033,"Data Analyst","Coda Search│Staffing","16","Medium","13542"
171808,"Data Analyst","Cubic Telecom","4","Small","13649"
478395,"Data Analyst","Logispin","3","Small","13649"
406320,"Data Analyst","Eagle Genomics Ltd","3","Small","13649"
628916,"Data Analyst","NRB Group","4","Small","13649"
149632,"Data Analyst","Uni Systems","74","Large","13649"
304305,"Data Analyst","EUROPEAN DYNAMICS","40","Medium","13649"
1344154,"Data Analyst","Capco","113","Large","13649"
1423236,"Data Analyst","Mayo Clinic","41","Medium","13729"
1109374,"Data Analyst","Bosch Group","843","Large","13750"
289123,"Data Analyst","Version 1","100","Large","13750"
258461,"Data Analyst","AND Digital","14","Medium","13750"
954793,"Data Analyst","Bosch Group","843","Large","13750"
281069,"Data Analyst","Nortal","71","Large","13750"
654296,"Data Analyst","Mission Staffing","7","Small","13750"
1553204,"Data Analyst","Riverside Research","50","Medium","13750"
53650,"Data Analyst","Blue Harvest","4","Small","13750"
1000508,"Data Analyst","CI&T","137","Large","13750"
73932,"Data Analyst","Nisum","78","Large","13750"
34781,"Data Analyst","Alter Solutions","60","Large","13750"
3230,"Data Analyst","Sysdig, Inc.","2","Small","13750"
327180,"Data Analyst","Luno","21","Medium","13750"
913588,"Data Analyst","Noblis","115","Large","13842"
20461,"Data Analyst","PPRO","4","Small","13868"
1161426,"Data Analyst","Vuori, Inc","5","Small","13958"
248758,"Data Analyst","ByteDance","145","Large","14167"
987523,"Data Analyst","Kelly Science, Engineering, Technology & Telecom","32","Medium","14167"
99686,"Data Analyst","Blue Shield of California","69","Large","14208"
603664,"Data Analyst","Citi","2186","Large","14335"
742951,"Data Analyst","Citi","2186","Large","14335"
115319,"Data Analyst","Freenome","15","Medium","14417"
128799,"Data Analyst","Life360","11","Medium","14500"
1293960,"Data Analyst","Parabolic Career","13","Medium","14583"
566479,"Data Analyst","CHARLES RIVER LABORATORIES INTERNATIONAL, INC","2","Small","14583"
426840,"Data Analyst","ROKT","5","Small","14583"
998080,"Data Analyst","CyberCoders","542","Large","14583"
277014,"Data Analyst","The Princeton Group","3","Small","14583"
415878,"Data Analyst","Smarsh","8","Small","14583"
1707460,"Data Analyst","Xator Corp","1","Small","14583"
405956,"Data Analyst","Blink Health","5","Small","14583"
1392949,"Data Analyst","BlueCross BlueShield of South Carolina","57","Large","14583"
831133,"Data Analyst","IRIS Software, Inc.","7","Small","15000"
146500,"Data Analyst","Citi","2186","Large","15119"
202205,"Data Analyst","Freenome","15","Medium","15656"
7110,"Data Analyst","Citi","2186","Large","15723"
310660,"Data Analyst","Motional","34","Medium","15750"
21632,"Data Analyst","Withings","17","Medium","16667"
1426728,"Data Analyst","WINGS-ICT-SOLUTIONS","8","Small","16667"
1202839,"Data Analyst","Bosch Group","843","Large","16667"
107183,"Data Analyst","Bosch Group","843","Large","16667"
1772185,"Data Analyst","ThinkingData","4","Small","16667"
5570,"Data Analyst","Intuit Inc","13","Medium","16667"
375513,"Data Analyst","TikTok","816","Large","17958"
1021647,"Data Analyst","Uclahealthcareers","1","Small","18083"
1493775,"Data Analyst","Ball","7","Small","18208"
908145,"Data Analyst","Ball","7","Small","18208"
544491,"Data Analyst","TikTok","816","Large","18542"
731233,"Data Analyst","CliftonLarsonAllen","13","Medium","18750"
1254565,"Data Analyst","GovCIO","36","Medium","18750"
226942,"Data Analyst","Mantys","1","Small","54167"
